0.0045951077428558126,edmond
0.014790344400964373,lucy
0.0047467731052265308,susan
0.014998615982241167,lucy
0.0051054730690362465,peter
0.0049013237257411807,susan
0.0055377314806072091,edmond
0.015437198576069962,lucy
0.0057181142115713627,edmond
0.0057245491906684435,edmond
0.0054389634835364641,susan
0.0059654365804088184,edmond
0.0059080456970215644,susan
0.0060298323871722792,susan
0.016279212548135233,lucy
0.0062153802607416674,edmond
0.006603482583930914,edmond
0.0062704723454104928,edmond
0.0066693637683411713,susan
0.016942399201210937,lucy
0.0072939624680031182,edmond
0.0072228503743247277,peter
0.0075874160864738477,edmond
0.0072868921980125609,susan
0.0076603842861509945,peter
0.0074983875699926785,susan
0.017963592492014756,lucy
0.0080375376113122413,edmond
0.018276241797916808,lucy
0.0082674443135810002,edmond
0.0080826152644252556,susan
0.0085004435682744135,susan
0.0087520303264518613,susan
0.0086454268672959359,susan
0.0087164196806925696,edmond
0.019447680484389933,lucy
0.0096251547489366283,edmond
0.0097071820179973275,edmond
0.009388667380511289,edmond
0.020173308451712672,lucy
0.0098432847734976868,susan
0.010341058592569881,susan
0.020745577858319764,lucy
0.010722972757950101,susan
0.010695185884489998,susan
0.011002352779515279,susan
0.01154727303728641,peter
0.012107410360570312,edmond
0.02196513942865598,lucy
0.022178414081752071,lucy
0.022394616067632905,lucy
0.01286604554228188,edmond
0.012835901032521198,peter
0.012277371453049326,susan
0.013289192113522152,peter
0.013520401652852218,peter
0.013754686709591044,peter
0.013992071880473463,peter
0.024232581724805174,lucy
0.014476240761204193,peter
0.01428138126040831,edmond
0.015422297389510063,edmond
0.014617303228932607,susan
0.016102171896706773,edmond
0.015742628716398942,peter
0.02600569510626962,lucy
0.015295756050634971,susan
0.026541810187880301,lucy
0.01597416161248931,edmond
0.027091395154867443,lucy
0.016676446681290709,edmond
0.027654641150471782,lucy
0.017941446419642165,peter
0.018596372800667577,edmond
0.01778451794645089,susan
0.028822874306238616,lucy
0.018550052732299625,edmond
0.019233954577755952,edmond
0.019341584940141418,susan
0.019045610803349024,edmond
0.019752459669444059,edmond
0.020682381298533972,peter
0.019954841674546159,edmond
0.020051636933284298,susan
0.020795232193213106,edmond
0.021335764461449407,edmond
0.032333350636539526,lucy
0.023128371251007335,edmond
0.023250427057338846,edmond
0.02336942552780024,peter
0.023248047629561244,susan
0.02407946247641634,peter
0.034440341574496637,lucy
0.034805156087430136,lucy
0.023915230721496039,susan
0.024524808425394819,edmond
0.024627250841404224,susan
0.036304187147440305,lucy
0.026688991493452243,peter
0.025453183918894201,susan
0.026371966514782332,susan
0.026753127425916512,susan
0.038269002820390578,lucy
0.028100817205255244,edmond
0.039083761801710692,lucy
0.030677293517156458,edmond
0.02991522971686272,peter
0.028820413092346335,susan
0.028917744439092646,susan
0.041194091081012713,lucy
0.030363738897282753,susan
0.032067986770269646,peter
0.042511385181942682,lucy
0.042959107560099567,lucy
0.03207472448542633,susan
0.032851565931937485,susan
0.044328391790637356,lucy
0.033401838988303165,edmond
0.036321077250440335,edmond
0.034307718441254631,susan
0.036215673166410167,peter
0.03779955500485585,edmond
0.047185994187341623,lucy
0.038431437524590648,edmond
0.036647298771198829,susan
0.03674141917908369,susan
0.049180620296938364,lucy
0.049690610740535948,lucy
0.050205163723188145,lucy
0.040724293315126683,peter
0.05124801334576156,lucy
0.043029627523868061,edmond
0.040193814884210165,edmond
0.042418382205536037,edmond
0.04338906591116895,peter
0.041299780797895105,susan
0.054487476382835368,lucy
0.055043696096021957,lucy
0.044236469757423465,edmond
0.056170223669269825,lucy
0.043936121170277065,susan
0.047315611364302325,peter
0.045500634994543675,edmond
0.047510347725117932,susan
0.059069245845871962,lucy
0.059663312834290348,lucy
0.047749049502931858,susan
0.060865788938096778,lucy
0.061474216746027148,lucy
0.052087449737488488,peter
0.052705496583760607,peter
0.053328365684120756,peter
0.053956065164791671,peter
0.05458860287792934,peter
0.051912427216612142,edmond
0.053633494112740029,susan
0.056515319802573134,peter
0.054880592114524236,edmond
0.059558844065889342,edmond
0.068485836990394761,lucy
0.06092701214484577,edmond
0.06982393203587689,lucy
0.057475305442031804,susan
0.059957980236663239,susan
0.061867809723374488,peter
0.060682150196069644,edmond
0.060724743086827397,susan
0.073955882617423585,lucy
0.067248216964075763,edmond
0.065372537467894537,peter
0.066088256855636476,peter
0.064136551714263815,susan
0.067534493513997831,peter
0.064851764735063905,edmond
0.069000475959440935,peter
0.066253832682874408,susan
0.070486218518575311,peter
0.071236503065367121,peter
0.067672227081098435,susan
0.082751902636788735,lucy
0.083517018379694552,lucy
0.071315594971972804,edmond
0.07055835654304414,edmond
0.085842027736309431,lucy
0.086626916090414494,lucy
0.078190912730368545,edmond
0.078211513799144081,edmond
0.075850771076617599,susan
0.075825068355134223,susan
0.077400418667325777,susan
0.076553544813990612,edmond
0.079791592824823121,susan
0.079760381926958709,susan
0.079717358730759455,susan
0.088137092502441186,edmond
0.085586312543803708,peter
0.086430329506310577,peter
0.083788080585057184,edmond
0.089895732386059246,edmond
0.088101867559233701,edmond
0.086261172966673544,susan
0.087094919547136523,susan
0.091597237482134719,peter
0.095249735231215299,edmond
0.088690640390556727,edmond
0.10424652386603955,lucy
0.092285149236478153,edmond
0.091235128341800004,edmond
0.092092487485086236,susan
0.10784677113486471,lucy
0.095796133878199616,susan
0.095688807730300085,susan
0.10059758387363391,peter
0.098478395819880313,susan
0.10245543873990036,peter
0.10339153239438993,peter
0.1022457427989155,susan
0.10527800337601137,peter
0.11622836041631178,lucy
0.10718345120210572,peter
0.11246899554548045,edmond
0.10474347898791159,edmond
0.1100770169031805,peter
0.12105093227480926,lucy
0.1064280486853942,edmond
0.12301278283069746,lucy
0.11400069367964868,peter
0.11499324494186651,peter
0.11599042383620917,peter
0.11114260647199709,edmond
0.11327866769792873,susan
0.11543930702515239,edmond
0.13002515165493161,lucy
0.12104526855831575,edmond
0.12206993136908387,peter
0.11940615187289741,edmond
0.13413283670148166,lucy
0.12266762864887935,edmond
0.11990306186352596,susan
0.12344309279562792,susan
0.12831254729272937,peter
0.12936861418000603,peter
0.12651623189343691,susan
0.14149400364368764,lucy
0.1272607617761039,edmond
0.13096421882959075,susan
0.12663208136357626,susan
0.13579734297230381,peter
0.13277750820456083,susan
0.14797502097329124,lucy
0.1335074889043886,susan
0.15016985106057784,lucy
0.13703544360888686,susan
0.15238168905253008,lucy
0.13775418247966964,susan
0.15461038758122581,lucy
0.14573101263895646,peter
0.13951300634900346,edmond
0.14650487165809392,edmond
0.14911776123282836,peter
0.14574725654585668,susan
0.15139612627173488,peter
0.15254140905787686,peter
0.16369073181177904,lucy
0.14710187044706435,edmond
0.14976135891261025,edmond
0.15087622581510624,susan
0.15832801232981772,peter
0.16949722578798929,lucy
0.15103013310739455,susan
0.15861042914827111,susan
0.17302827117089564,lucy
0.15436023515572664,susan
0.15878552608130292,susan
0.17325772857134999,edmond
0.17779013428123203,lucy
0.16899006084247489,peter
0.16678985244695049,edmond
0.16111704348506262,susan
0.18261218738655241,lucy
0.16339731980779978,edmond
0.17504533277937992,peter
0.16569131336292744,susan
0.1874929782306469,lucy
0.18872218009295577,lucy
0.17275673917775117,susan
0.17213166296045501,susan
0.17148515769977127,susan
0.18000081072847826,susan
0.19492103357984258,lucy
0.19175634154009696,edmond
0.19742478773577063,lucy
0.19868175621312745,lucy
0.18614324453479458,susan
0.19120575321478619,peter
0.18862327766120668,edmond
0.19374299866119568,peter
0.19501652729566554,peter
0.19629329312817764,peter
0.2075732709764091,lucy
0.19289074249368501,susan
0.20014276150524959,peter
0.2014322233423092,peter
0.20475204346749404,edmond
0.21402045236735059,lucy
0.20531916817257312,peter
0.20662091710894309,peter
0.217925673275118,lucy
0.21132574479657026,edmond
0.21896586742499466,edmond
0.21821345669930126,edmond
0.21317424945348434,peter
0.2016240314899081,susan
0.21581590180431745,peter
0.21714097688614786,peter
0.22846884928483177,lucy
0.22979949245556089,lucy
0.21449889339888625,susan
0.23246898463171936,lucy
0.23380778025162505,lucy
0.21389177788287328,susan
0.21516866984485297,susan
0.21644804159030301,susan
0.22918933425114704,peter
0.22131953387628656,edmond
0.22725764622420866,susan
0.23325243594285461,peter
0.22522731814534303,edmond
0.23597359160903478,peter
0.22784430181567331,susan
0.23870443087297255,peter
0.22806974312246983,susan
0.23661584122188908,susan
0.25281836995634926,lucy
0.23931040276370749,susan
0.23574956575180955,susan
0.24695286995509294,peter
0.24833547803228137,peter
0.24222865331043533,susan
0.24859611994565456,edmond
0.25502120517521787,edmond
0.24119301702212537,edmond
0.24762217731608466,susan
0.26180935860322074,edmond
0.25033090568597688,susan
0.26947233831443695,lucy
0.24782985661813045,susan
0.25178558981176613,susan
0.27368167913453251,lucy
0.26773946078109973,edmond
0.26649731625285866,peter
0.27790787531608302,lucy
0.25316101125818768,susan
0.27073433706382416,edmond
0.2821501848206398,lucy
0.27356774056663458,edmond
0.27498697686902712,peter
0.25982339433186907,edmond
0.2878303814908606,lucy
0.28925449502870221,lucy
0.28629378315429499,edmond
0.29210740775491162,lucy
0.28353615228904516,peter
0.28496638587540002,peter
0.27780613881325644,edmond
0.28783121118039645,peter
0.27190980355186228,susan
0.28198061593712254,edmond
0.27461060022118194,edmond
0.30357753282656108,lucy
0.29796760238910991,edmond
0.29645859521778106,peter
0.29790100716268891,edmond
0.30533152972989674,edmond
0.29778156321136079,edmond
0.31130250597354253,edmond
0.30368256487796763,peter
0.29292556566565192,susan
0.30658011403507474,peter
0.32035170710192135,edmond
0.31948189162741286,lucy
0.31093429954517293,peter
0.32238768482609131,lucy
0.31384202099923764,peter
0.29637944475028805,edmond
0.30408330280087859,susan
0.33093888984400172,edmond
0.31647166369533525,edmond
0.30507069059030151,susan
0.33548999282671821,edmond
0.33404678762403711,lucy
0.32550778491501459,peter
0.32043010756102286,susan
0.32843189955350416,peter
0.31010126733529236,susan
0.33135866887909488,peter
0.34282298478730733,lucy
0.32760212964566537,susan
0.33575335118860172,peter
0.33047496372190632,edmond
0.33868586067616591,peter
0.32314521293507908,susan
0.34162031066197696,peter
0.3362264363592844,susan
0.34455649978149155,peter
0.34256493209321848,edmond
0.35791905476398889,edmond
0.35896360695035112,lucy
0.33641596442426819,susan
0.36190327125462485,lucy
0.35337350732629524,peter
0.36484398001338048,lucy
0.37056725152205006,edmond
0.35778553775742777,peter
0.35566400855153313,edmond
0.34629864039248726,susan
0.37668700374519165,edmond
0.36367042530852778,peter
0.3751418762900553,lucy
0.36661337124291521,peter
0.35336149103568476,susan
0.34738301456155979,susan
0.35989704717137833,susan
0.37249931874299519,peter
0.3777103871638125,edmond
0.36042426752345563,susan
0.37691309057379496,peter
0.38838409306929811,lucy
0.37225783132208057,edmond
0.39132557832363302,lucy
0.35982825464035878,susan
0.3650529081172274,susan
0.401165612961499,edmond
0.3872058348894461,peter
0.373128194412993,edmond
0.3901442469861558,peter
0.40161294621556698,lucy
0.40308127821408657,lucy
0.39454922109864249,peter
0.39601675309130835,peter
0.38158449841903458,susan
0.39895049781812497,peter
0.41041666752680422,lucy
0.40188234029363595,peter
0.38721359507906983,susan
0.4148121101315046,lucy
0.41627616503812465,lucy
0.39550744951470251,susan
0.3969264349254884,susan
0.38602487347031217,susan
0.4221263644210228,lucy
0.4235873059837949,lucy
0.41919803896478308,edmond
0.4165071162076015,peter
0.40124730668878467,susan
0.398452826674559,susan
0.3956284662931559,susan
0.43233788178568522,lucy
0.41531774013236539,edmond
0.43524851932212694,lucy
0.43096960897616682,edmond
0.42815578449420844,peter
0.4253120230899326,edmond
0.43537011816023319,edmond
0.41088452078887971,edmond
0.43395958209228108,peter
0.44540818477854094,lucy
0.43248725316427833,edmond
0.42953639417784512,susan
0.4309531003972355,edmond
0.4511926487332345,lucy
0.46034163359339775,edmond
0.42187472299821416,susan
0.42769923809755006,susan
0.42461230398820599,edmond
0.4214955102226508,susan
0.45983749898461612,lucy
0.46127436255923809,lucy
0.43912875073083052,edmond
0.43143732339229401,susan
0.44646628450113512,susan
0.4432996092396555,susan
0.45844072933903451,peter
0.45987029324932027,edmond
0.46591156729830135,edmond
0.46272557747903814,peter
0.4409437015516624,susan
0.47557562709286338,lucy
0.4669986481744694,edmond
0.44968349946646613,susan
0.46984060242803871,peter
0.48125950376943394,lucy
0.44904315021815672,edmond
0.44564749161626177,susan
0.47550771613952514,peter
0.48692090469971816,lucy
0.44963266900368043,susan
0.46535058068773999,susan
0.48115160993236528,peter
0.49255884141537432,lucy
0.49396454633847814,lucy
0.48536871001991772,peter
0.49677131789502499,lucy
0.47352718485063933,edmond
0.46509321812480087,edmond
0.50096966278990562,lucy
0.50236590413121229,lucy
0.5037605185955083,lucy
0.51000809708790473,edmond
0.50654481155156494,lucy
0.47303773952991157,edmond
0.48434275917262998,edmond
0.50070870657223987,peter
0.48703047450434528,susan
0.51347611730544884,lucy
0.50485722737994931,peter
0.51623658996952582,lucy
0.50253805032771237,edmond
0.49881022108250356,susan
0.49505314320753274,susan
0.49126685828994754,edmond
0.49771354344079649,susan
0.51447535819956769,peter
0.49005002894612049,susan
0.49134671306988653,susan
0.518570138257053,peter
0.50433339935038624,susan
0.510864845370125,susan
0.52264808369617821,peter
0.5340036035400918,lucy
0.54637149499140292,edmond
0.52670888200487154,peter
0.50165568734702792,susan
0.49764202020358744,susan
0.54667479662728402,edmond
0.52145416159016444,susan
0.5334379543475305,peter
0.50803894081557732,susan
0.53611570706010991,peter
0.55894963057432701,edmond
0.54878540459035674,lucy
0.5501172071135545,lucy
0.55144696540008686,lucy
0.55363016291916778,edmond
0.55410030968547797,lucy
0.53451539864126429,susan
0.52487554499207412,susan
0.5206615123097299,edmond
0.54938203807755981,peter
0.56069721492043911,lucy
0.56201027115424274,lucy
0.56332119771023481,lucy
0.55462998562470101,peter
0.5225804284762755,susan
0.56724111019715739,lucy
0.55854342944959146,peter
0.55984357524865602,peter
0.53869587758430271,edmond
0.56243731281336162,peter
0.54681896135906694,edmond
0.53677114374212676,susan
0.56631141049323186,peter
0.54489440815974188,susan
0.56888304275738422,peter
0.57586716058928378,edmond
0.54858789362940608,susan
0.5498147387664678,susan
0.57399938915422588,peter
0.57527282401400115,peter
0.58230942339442426,edmond
0.54314408901222333,susan
0.57907944825169211,peter
0.59195061420596806,edmond
0.58160572730358229,peter
0.54789348085095479,edmond
0.56075785568228098,susan
0.56781647014351355,edmond
0.5966305125064103,lucy
0.59788088467272049,lucy
0.55967246877286547,susan
0.60037459580263008,lucy
0.60161792250200985,lucy
0.60285888860365888,lucy
0.61786138773634092,edmond
0.56556702973239303,edmond
0.60656756478744511,lucy
0.60779903042288685,lucy
0.59902810688092545,peter
0.58824969294450447,edmond
0.60147907058414218,peter
0.61270094721371604,lucy
0.56768518862776762,edmond
0.59303471487612636,susan
0.60635209439349658,peter
0.61756429922742817,lucy
0.61486181457798961,edmond
0.60998141349543866,peter
0.62118631354692033,lucy
0.61238876943205922,peter
0.61358877667448875,peter
0.62478633088300639,lucy
0.58518235636356519,susan
0.58014361927320823,edmond
0.62836423266103436,lucy
0.61955193250934504,peter
0.62073715862937273,peter
0.60326230991745955,susan
0.60440716898147695,susan
0.6342779561321078,lucy
0.62545324925949819,peter
0.62662605002540372,peter
0.59012857364878823,susan
0.64154344382755857,edmond
0.6401294637092716,lucy
0.64129226098103997,lucy
0.63245254926236627,peter
0.63361032546294427,peter
0.64476558656989502,lucy
0.64591832964731011,lucy
0.64706855183579304,lucy
0.63821625035200147,peter
0.60099973713889898,susan
0.6212889436434017,susan
0.66730994425135903,edmond
0.62349830202362622,susan
0.65391679569811179,lucy
0.64504929793188348,peter
0.6332556739190538,edmond
0.62141440993373853,susan
0.63546291856111081,susan
0.65955387466665094,lucy
0.66067365038087533,lucy
0.63875505729270321,edmond
0.65290554605320528,edmond
0.6213167792880725,susan
0.64202467771384142,susan
0.61686017024983952,susan
0.65733866538736696,peter
0.66844054581649093,lucy
0.66953986353234407,lucy
0.6706366171768009,lucy
0.62202695713073552,susan
0.62305308152197736,susan
0.66391148109523623,peter
0.67499796619596586,lucy
0.67608188142307202,lucy
0.67716322581064625,lucy
0.66824199845658083,peter
0.67931819852212338,lucy
0.67709574348374579,edmond
0.68146287787112769,lucy
0.68253135578985702,lucy
0.67359725839784246,peter
0.69490040272143827,edmond
0.6857213356277212,lucy
0.67677950937398412,peter
0.67783510605736352,peter
0.64494371911989978,susan
0.65954041012623532,susan
0.69098643113956193,lucy
0.64110981423730973,susan
0.64892070421324666,susan
0.68411455578311142,peter
0.68515210821882244,peter
0.65187772876425343,edmond
0.68721948002675559,peter
0.69824929979624129,lucy
0.68927654249962556,peter
0.7003012084729654,lucy
0.70132329810652194,lucy
0.69234281184433655,peter
0.65869176267461715,susan
0.70437411367526936,lucy
0.65366274874627817,susan
0.70639511857766446,lucy
0.6555576556691618,edmond
0.70840583199698481,lucy
0.70940733132684042,lucy
0.6793940723929438,edmond
0.70140261952239058,peter
0.66025262564071863,susan
0.71338763340799594,lucy
0.69028876423422802,susan
0.71536238124205975,lucy
0.7134093672643862,edmond
0.70732687205716971,peter
0.71538832685494047,edmond
0.7092811156471448,peter
0.68894676605830829,edmond
0.72122512255416849,lucy
0.72219329074749217,lucy
0.72315890405601824,lucy
0.68555708544223171,susan
0.68647917326724894,susan
0.72604043012017483,lucy
0.68831600597499498,susan
0.67487178003278459,susan
0.71889901967658254,peter
0.71984679388253525,peter
0.69916826580741043,susan
0.72173471971258218,peter
0.72990162386284663,edmond
0.73361249475213097,lucy
0.73454758062345116,lucy
0.7109705320604206,edmond
0.69008965125711585,susan
0.73733765611998314,lucy
0.68456686995299254,susan
0.72918507587359271,peter
0.6862987029489791,susan
0.73102241166352988,peter
0.74193730375324607,lucy
0.73284968174428899,peter
0.7337595480114556,peter
0.73466690496605247,peter
0.72821603750498132,edmond
0.72174461874789686,susan
0.71525272626938641,edmond
0.74827128914268082,lucy
0.7491661369568724,lucy
0.75005849067309149,lucy
0.76317680353672568,edmond
0.70474394014940867,susan
0.74272061397142353,peter
0.72873095783633779,susan
0.70725879485199794,susan
0.75536038804077299,lucy
0.76116006651476698,edmond
0.75457893728433845,edmond
0.75797788906517594,lucy
0.75884545337953568,lucy
0.74971055461899316,peter
0.75057319579241843,peter
0.7614333799386741,lucy
0.76229111012629036,lucy
0.73808346166407579,susan
0.70875926778334364,susan
0.7322041198189716,susan
0.75569755368116309,peter
0.74141219989685891,edmond
0.71194296559792425,edmond
0.75822677443507835,peter
0.72111173753064672,susan
0.75990077425380698,peter
0.760734139921036,peter
0.73110248375988041,susan
0.76239361964003372,peter
0.76321974051680097,peter
0.76404345333074586,edmond
0.79545935201971196,edmond
0.77568366869703609,lucy
0.76650017827421579,peter
0.7519680079608968,susan
0.76044475877022633,edmond
0.75355665009199391,edmond
0.7797423122875583,lucy
0.72431407448916629,edmond
0.77134908730210305,peter
0.77214891461767099,peter
0.7265695910056833,susan
0.78374146741094219,lucy
0.77453420037204335,peter
0.79858431334929703,edmond
0.73730696837670462,edmond
0.78689827085930286,lucy
0.77768159760707145,peter
0.77846258239038801,peter
0.74027916763067558,edmond
0.78001754158592751,peter
0.73394403237950179,edmond
0.79156317968470979,lucy
0.78233251316853425,peter
0.81442350935961705,edmond
0.79386422885952568,lucy
0.76893408668186969,susan
0.78538670286619727,peter
0.74683726009563378,susan
0.79476896713241429,edmond
0.7976531563828313,lucy
0.74898385242064414,susan
0.75758656123982859,susan
0.79989899884460047,lucy
0.80064305198114094,lucy
0.78347098321045172,edmond
0.80212434165174773,lucy
0.76114712308605359,susan
0.81740446753067275,edmond
0.74666953963191141,susan
0.74735618565081552,edmond
0.80578799813013746,lucy
0.80651398022582144,lucy
0.7733205908554327,edmond
0.76604086016236228,susan
0.80867850494148119,lucy
0.79939555366400994,peter
0.75210375704198984,edmond
0.77679829815282109,susan
0.81153338188129198,lucy
0.8022415664825775,peter
0.80294754596837281,peter
0.75543224524491048,susan
0.78826584902162777,susan
0.76479968280575394,edmond
0.75740453068512537,susan
0.82257341113021187,edmond
0.80713736209736286,peter
0.8159063096231215,edmond
0.83277202268661099,edmond
0.76065068767206567,edmond
0.7855904199274768,susan
0.8205690462594204,lucy
0.82124890995102784,lucy
0.79568809391474993,edmond
0.82072822226471687,edmond
0.83767390501851491,edmond
0.82394693802087937,lucy
0.77388530550227019,edmond
0.79897749641027449,susan
0.8322670499951742,edmond
0.82477701053069286,edmond
0.80092617196003579,susan
0.78521299238183984,edmond
0.82858669518491612,lucy
0.79466386021805546,susan
0.79529659652652129,susan
0.77131099924942104,susan
0.78834408082606133,susan
0.83183780702723076,lucy
0.81425697146898757,edmond
0.83312370251239753,lucy
0.83376355112837131,lucy
0.84088936666553638,edmond
0.83328744412906919,edmond
0.81741404881425039,edmond
0.81803936955616519,edmond
0.82693198941359203,peter
0.77790597590013055,susan
0.78677582260780599,susan
0.86196091998171531,edmond
0.83772435550656799,edmond
0.84004951528653127,lucy
0.83066696260105122,peter
0.8312824016115582,peter
0.8418958370329408,lucy
0.84250727358382116,lucy
0.84311671598640103,lucy
0.80871244389732089,susan
0.7926131553898319,edmond
0.81823446306533054,edmond
0.84553463867456202,lucy
0.83613418128338035,peter
0.81999712298097482,edmond
0.84732737399904623,lucy
0.84792103359443072,lucy
0.84851274167772772,lucy
0.84910250299877399,lucy
0.80610270941700535,susan
0.85027620436319473,lucy
0.79881714621978417,susan
0.80778448869445618,susan
0.80834138356321827,susan
0.80047043238307014,susan
0.80944965337857366,susan
0.85218859150160808,edmond
0.85276677053052374,edmond
0.8448940904850637,peter
0.8554627513777785,lucy
0.82064863694288526,susan
0.82966252080173586,edmond
0.83868584107035615,edmond
0.85771854611063769,lucy
0.85676058447511128,edmond
0.83185849687126268,susan
0.79842729025131987,susan
0.84994441143842625,peter
0.83348631229815384,susan
0.85104621587521456,peter
0.86159435271036466,lucy
0.86214065230667158,lucy
0.8626851194255073,lucy
0.86322775882721514,lucy
0.86376857527099782,lucy
0.86430757351480825,lucy
0.88903854864784893,edmond
0.82971873039459432,susan
0.85591370660489208,edmond
0.87357438919152641,edmond
0.85697545816143339,peter
0.81462846468684202,susan
0.85803005097778295,peter
0.8585546747225492,peter
0.82471442209439505,susan
0.86959860059474059,lucy
0.87732027044299343,edmond
0.86063546256254786,peter
0.82670520616079213,susan
0.87166529849330832,lucy
0.86217759351668044,peter
0.82818062036296225,edmond
0.85456499168538458,edmond
0.88097812436522038,edmond
0.86420939751689352,peter
0.83877163723226833,edmond
0.84791064107868841,susan
0.86571513762667229,peter
0.86621362602702967,peter
0.87671040977484105,lucy
0.81517316395014694,susan
0.86769888208458346,peter
0.86819058002290739,peter
0.82524656245823902,susan
0.86916892287811087,peter
0.8696555771475738,peter
0.85273774834897331,susan
0.84450515847890517,susan
0.89723869317186722,edmond
0.85415381164749382,edmond
0.84590194767937588,edmond
0.8725405564924944,peter
0.82063466912226946,susan
0.87348901509587873,peter
0.87396079006638894,peter
0.85694231629003048,edmond
0.83990347631072693,edmond
0.87536635318708178,peter
0.83204005390942914,susan
0.87629530662045263,peter
0.84168707574698698,susan
0.82458476221215149,edmond
0.89523022984453426,edmond
0.87813396651379139,peter
0.8610178555164566,susan
0.88904374641990769,lucy
0.8882912275349637,edmond
0.82715037594321883,susan
0.84518071840516085,susan
0.82799372575916241,susan
0.82841319718077322,susan
0.85528326505004415,edmond
0.87335667750595913,edmond
0.89144625234732044,edmond
0.84773769448645986,susan
0.88349860642832934,peter
0.86625686874852625,susan
0.88437102471088158,peter
0.9201971417530419,edmond
0.84097547556102514,susan
0.90338158981097894,edmond
0.85065369244849987,susan
0.89652546015623191,lucy
0.89695182133894269,lucy
0.87850291746587217,edmond
0.88780005351992797,peter
0.8882219334187601,peter
0.89864232844560954,lucy
0.88906124303381096,peter
0.92505782887422883,edmond
0.88989464859324363,peter
0.85469678246077363,susan
0.89072218542562409,peter
0.87331108879717778,susan
0.92720564429738805,edmond
0.8919525638161595,peter
0.91020698953515422,edmond
0.8481273035219532,edmond
0.89316993515714205,peter
0.84889421274841126,susan
0.87609486114310786,susan
0.84965569637751015,susan
0.90477306726067286,lucy
0.89517030249452867,peter
0.89556612725930196,peter
0.89596054586570528,peter
0.89635356261687593,peter
0.85190792271792248,susan
0.87919269957341462,susan
0.89752424465597547,peter
0.86199522899022807,edmond
0.8982977686192366,peter
0.85374834096735397,susan
0.89906578778471902,edmond
0.9264311759967625,edmond
0.89982833611392243,peter
0.86419926652168932,edmond
0.9105854474422137,lucy
0.87393311552673814,edmond
0.90133715547782622,peter
0.84760833413411663,susan
0.91208349380089104,lucy
0.93855284616990053,edmond
0.90282449586250224,peter
0.91319300621322319,lucy
0.9035601949838139,peter
0.84969050233983423,susan
0.90429062435516938,edmond
0.91465387322061986,lucy
0.91501581703526136,lucy
0.87821516611340567,susan
0.94196523818833722,edmond
0.85172822769406598,susan
0.90645062389335451,peter
0.87053385980308995,edmond
0.90716030352336297,peter
0.9175132266401107,lucy
0.94417947245924216,edmond
0.91821525974137597,lucy
0.88130744647196013,susan
0.87255574616285858,edmond
0.87288848361665505,susan
0.85502793517793196,edmond
0.87355035586985563,edmond
0.86477658690311099,susan
0.87420745015321177,susan
0.86542448370624558,susan
0.88397291991984406,susan
0.92165020803597875,lucy
0.91198690306968122,peter
0.92232237761936975,lucy
0.9126566356174316,peter
0.91298968098752287,edmond
0.88592187211521667,susan
0.92365214949467211,lucy
0.92398158043525447,lucy
0.92430981435488779,lucy
0.89634411803069103,susan
0.92496270664163771,lucy
0.88782875155961682,susan
0.92561085728737125,lucy
0.93425182740504253,edmond
0.92625429708312812,lucy
0.889077032195836,susan
0.92606198724495115,edmond
0.88969437021127917,susan
0.89000135158224403,edmond
0.89948563764201539,susan
0.89061195743764277,susan
0.88173089245450087,susan
0.86365466510076927,edmond
0.92909229784080494,lucy
0.86423778699211184,edmond
0.91971037199921268,peter
0.88321700582460672,susan
0.93032393197922159,lucy
0.92062902844552352,peter
0.9209330075010892,peter
0.93044823156685863,edmond
0.86624537045275674,susan
0.92183827708390464,peter
0.93213782333202966,lucy
0.93243627054212108,lucy
0.92273362236167289,edmond
0.95995107772631894,edmond
0.93255830491773894,edmond
0.86820199330761838,edmond
0.93391214836836933,lucy
0.87799387375000859,susan
0.9152499838675604,edmond
0.89704117709681674,susan
0.93507343757764805,lucy
0.87909303885265033,susan
0.92564769006797532,peter
0.90741456612744953,edmond
0.89843118751831852,susan
0.93650115864416794,lucy
0.90824788186407301,edmond
0.8899823092204171,susan
0.93734521969316309,lucy
0.92762449918191503,peter
0.93718177486272947,edmond
0.92817996778953693,peter
0.94702528712755463,edmond
0.9287313390293499,peter
0.89184527690341642,susan
0.9106930677145556,edmond
0.93955077371168172,lucy
0.91122546176044739,edmond
0.94009202206893439,lucy
0.93036114405501524,peter
0.93062926910796717,peter
0.9122784726006623,susan
0.90322766568759405,susan
0.87554203468574077,susan
0.9416918675556194,lucy
0.94195505853927342,lucy
0.94221727276515521,lucy
0.90450415815732355,susan
0.89542923288819609,susan
0.94299808816098585,lucy
0.93325642857556657,peter
0.91484353262131002,susan
0.93377023211203614,peter
0.90600493074300215,susan
0.93428022111989573,peter
0.90649777953984045,susan
0.95348215014157445,edmond
0.93503810946316646,edmond
0.94528885983942501,lucy
0.88876174225644422,susan
0.94578756133740749,lucy
0.93603551887873837,peter
0.8894684242858244,susan
0.88970223035171803,edmond
0.90867064129217101,edmond
0.89016722869823239,susan
0.93726150209764836,peter
0.93750396003158976,peter
0.93774551241664239,peter
0.89108685426758028,edmond
0.94822591306769632,lucy
0.93846476757534814,peter
0.94870272901742958,lucy
0.90138220847294226,susan
0.93917598509088007,peter
0.94941128589317958,lucy
0.9396457059717882,peter
0.93987924839014392,peter
0.94011191620289103,peter
0.94034371245588966,peter
0.95057464018622562,lucy
0.95080470242222037,lucy
0.94103390218344141,peter
0.90361175278148342,edmond
0.95148972631612194,lucy
0.92288202954937737,susan
0.90426445110347053,susan
0.93274539825189207,edmond
0.95239115677587083,lucy
0.94261440302839439,peter
0.95283681064878967,lucy
0.94305838257831331,peter
0.94327912174957618,peter
0.94349903108655464,peter
0.92484375123451057,edmond
0.94393637191046287,peter
0.9441538092022792,peter
0.94437042826960826,peter
0.94458623199343184,peter
0.944801223246169,peter
0.98281602108735555,edmond
0.94522877978531938,peter
0.88871486972743596,susan
0.90782699586780102,susan
0.95586409238038517,lucy
0.94607426864944988,peter
0.95628365231565049,lucy
0.9564922461833556,lucy
0.94670005304848603,peter
0.95690707569852718,lucy
0.89028651789779034,susan
0.8904796526935177,susan
0.8906720581403228,susan
0.9098182844189131,susan
0.91949260701475721,susan
0.91020758219679276,susan
0.94833450860995283,peter
0.91059394260575988,edmond
0.9487354456469812,peter
0.92046673428342685,susan
0.96811602258041629,edmond
0.91135793463548198,susan
0.95952825961374744,lucy
0.95972459124719267,lucy
0.95992017947490504,lucy
0.95011502695128203,peter
0.93130295359607407,susan
0.95050251022665144,peter
0.96069515129351402,lucy
0.91285157965901931,susan
0.91303511557834205,susan
0.96126870364683703,lucy
0.95145843950033593,edmond
0.9616474555438429,lucy
0.91376232418418002,edmond
0.96202333851747057,lucy
0.98077651690331935,edmond
0.91430051819555891,susan
0.93353019209695209,susan
0.91465591658564283,susan
0.95295062897245342,peter
0.96313397878264073,lucy
0.95331663172437464,peter
0.92489363259761492,susan
0.89645906560934452,susan
0.95386043439090606,peter
0.93495951837390479,susan
0.96421953095006685,lucy
0.92576611344392234,edmond
0.95457589977348545,peter
0.95475306743408905,peter
0.93583096931437793,edmond
0.93600327385460291,edmond
0.96528053274299574,lucy
0.95545501672390243,peter
0.95562883584216973,peter
0.91756991280502165,susan
0.98465372378619098,edmond
0.95614632805692279,peter
0.89893846101861019,susan
0.96648804248449949,lucy
0.96665792271368245,lucy
0.92812234012775707,susan
0.89957599654930509,susan
0.9284487732636213,edmond
0.96733098541059492,lucy
0.96749764824195483,lucy
0.90978049086479529,susan
0.96782906678427827,lucy
0.90051419749251504,edmond
0.91025006000666586,susan
0.95832146142394592,peter
0.9584843399723102,peter
0.92988719795067509,susan
0.968808231254494,lucy
0.96896924852323119,lucy
0.96912964988800965,lucy
0.95928943759781304,peter
0.99782655845003587,edmond
0.95960718101164799,peter
0.96976514117691803,lucy
0.96992249660972352,lucy
0.97007924952242219,lucy
0.97023540212009773,lucy
0.96039095660057738,peter
0.97015137430599352,edmond
0.9707002799650789,lucy
0.98007113427280035,edmond
0.94178709231298774,edmond
0.96115983366320645,peter
0.97131184519069003,lucy
0.96146327378403451,peter
0.90391727428861812,susan
0.92329381509387931,susan
0.96191408332771033,peter
0.90433940942648772,susan
0.9722117474043771,lucy
0.96235972309328677,peter
0.97250713068232042,lucy
0.91452127364940627,edmond
0.92428823992127973,susan
0.96294596572583491,edmond
0.95346021053864549,edmond
0.93433864847018988,edmond
1.0019149532398526,edmond
1.0020641818516669,edmond
0.97366618926439208,lucy
0.92525623412944002,susan
0.92539240096381725,susan
0.91588712701167563,edmond
0.92566316558696515,susan
0.99330385443296088,edmond
0.9162867275662363,edmond
0.91641890405007065,edmond
0.94549427410524101,susan
0.97492813979849813,lucy
0.96506567246494179,peter
0.97520267558502538,lucy
0.94603236809778168,susan
0.96547510102521161,edmond
0.96561052724826379,peter
0.96574543173088956,peter
0.96587981640804221,peter
0.91771299904769255,susan
0.97614703405287107,lucy
0.92762867602333188,susan
0.9084274637992763,susan
0.98587489017514884,edmond
0.96667531608686241,peter
0.96680611575410325,edmond
0.97693641086018324,lucy
0.90904223108460003,susan
0.91883572014358916,susan
0.97732428754324518,lucy
0.96745258310443794,peter
0.96758038342237818,peter
0.96770769034152671,peter
0.97783450570001107,lucy
0.97796083132964329,lucy
0.9196823356031405,edmond
0.91011929945623804,susan
0.97833688806917773,lucy
0.93940743478654198,susan
0.9685851772185361,peter
0.97870860259161885,lucy
0.93976660435665837,edmond
0.96895402387504981,peter
0.96907602334306053,peter
0.99827347758849827,edmond
0.97931860877973498,lucy
0.96943919826925817,peter
0.97955932127664891,lucy
0.9308918203652341,susan
0.97979817481982301,lucy
0.95051857065131984,susan
0.9700351832983759,peter
0.97015299995240756,edmond
0.96056765690002299,edmond
0.97038726666550501,peter
0.98050372013687859,lucy
0.97061972261643514,peter
0.97073527579549601,peter
0.93201636610510064,susan
0.92241678893852452,edmond
0.9613684637909381,edmond
0.97119302912698136,peter
0.9130279793093512,susan
0.93256248339061032,susan
0.94238575721669104,susan
0.92306154105732396,edmond
0.95232020580364574,edmond
0.93299180539315252,edmond
0.97197718477608208,peter
0.97208747614079383,peter
0.91386549928157335,edmond
0.93341450586976882,susan
0.92379500012440874,susan
0.95307389164643741,susan
0.98263254742021211,lucy
0.96301289280217106,edmond
0.93393372079852466,susan
0.98295453921278153,lucy
0.94386920634943472,edmond
0.98289879340155228,edmond
0.97327279489095242,peter
0.91497537373186599,edmond
0.954013252329591,edmond
0.95411560943939466,susan
0.97369139679066874,peter
0.92510528109577639,edmond
0.98389826592298302,lucy
0.97400109788400213,peter
0.97410353013162543,peter
0.97420556417664039,peter
0.98430720152446638,lucy
0.984408443675171,lucy
0.95501910628101638,susan
0.97460974835882463,peter
0.92597432317203143,susan
0.97480949012172347,peter
0.98490877860165871,lucy
0.9850076807733994,lucy
0.97510619810000465,peter
0.97520433203931123,peter
0.9753020840439498,peter
0.99490744467258763,edmond
0.93647659011245699,susan
0.95608120164043597,susan
0.98568930158711043,lucy
0.96602731387149965,edmond
0.91732781677075703,edmond
0.97597577484075249,peter
0.97607052304326991,peter
0.95664160411008514,susan
0.9762589135718317,peter
1.0056431354566067,edmond
0.97644583891625469,peter
0.98653875561978965,lucy
0.97663131018775307,peter
1.0157924441564532,edmond
0.98681533841779079,lucy
0.9964449511142689,edmond
0.99653789324975306,edmond
0.97708869899652828,edmond
0.97717910948358599,peter
0.93817840067204472,susan
0.97735887398800891,peter
0.96767374837787956,edmond
0.97753723878929177,peter
0.97762589962931412,peter
0.94838278809177734,susan
0.94846811925812857,susan
0.97788981176634049,peter
0.93885801285940873,susan
0.97806404099259425,peter
0.988150645857517,lucy
0.91954269786059828,susan
0.98832284256266245,lucy
0.92948801512862445,susan
0.93935394925677596,edmond
0.98857862433324739,lucy
0.97866321982084248,peter
0.98874748487166864,lucy
0.97883142074753116,peter
0.97891502870564784,peter
0.94962836069870304,edmond
0.94970882789842281,edmond
0.97916389757718969,peter
0.92049143396454247,susan
0.93036178374269873,edmond
0.97940986001151698,peter
0.95010647114426694,susan
0.93059362486075503,susan
0.97965294921903079,peter
0.97973334614786944,peter
0.98981342868976907,lucy
0.96029533408707846,susan
0.97997265542159173,peter
0.98005180200495479,peter
0.92132280064899053,susan
0.9802091675573954,peter
0.92147014556011742,susan
0.99036530417446544,lucy
0.98044291457239241,peter
0.94129941240580939,susan
0.99059722538968731,lucy
0.94144697100794505,susan
0.99075033064253781,lucy
0.961209905387573,susan
0.95147517237297718,edmond
0.99097774825803164,lucy
0.95162137246349821,edmond
0.98112787982805594,peter
0.9419544047663575,susan
0.99127683783960019,lucy
0.98135087957417055,peter
0.95198189234811692,susan
0.99149809409117917,lucy
0.94230841833349011,susan
0.96201127426285982,susan
0.99171676013393617,lucy
0.96215329679628581,susan
0.98186111319350333,peter
0.95247487974190181,susan
0.98200433700845335,peter
0.93297175175243541,edmond
1.0116108334542233,edmond
0.93310622062400439,susan
0.98228743151272968,peter
0.99235751282743778,lucy
0.99242731934684303,lucy
0.98249685212867977,peter
0.98256611222676837,peter
0.98263510069102877,peter
0.99270381856749312,lucy
0.98277226689831954,peter
0.95335523332015049,susan
0.92393385752805313,susan
0.99297600498071015,lucy
0.99304338547353543,lucy
0.96344829154237799,susan
0.99317735430085519,lucy
0.99324394466993848,lucy
1.0029764791665923,edmond
1.0030438692246693,edmond
0.95393888717541953,edmond
0.96383754868859595,susan
1.0130801863151659,edmond
0.99363803375728688,lucy
0.9837028157371307,peter
0.92474130274676258,edmond
0.97399330139497586,edmond
0.95437877020305406,susan
0.92492184517813747,susan
0.93482178319584142,edmond
1.0136087861025289,edmond
0.99414922198687716,lucy
0.9942119963020164,lucy
0.94490354304149593,susan
0.92527659767621961,edmond
0.94502288962791203,edmond
0.92539299870396918,susan
0.99452218765105038,lucy
0.99458349649708622,lucy
0.99464456439259086,lucy
0.99455244619213012,edmond
0.96507066143488829,susan
0.99482633167722523,lucy
0.95533985170290603,susan
0.99494632210596867,lucy
0.96530584447115564,susan
0.98506537088601698,peter
0.9851245444335256,peter
0.92607247617536403,susan
0.99524219436521055,lucy
0.92618263219503405,edmond
0.96565174232053785,susan
0.99541693981806778,lucy
0.9854747306838979,peter
1.0150982630434247,edmond
0.9658778386720317,susan
0.99564674280468113,lucy
0.99556066590736336,edmond
0.98576029258868225,peter
0.98581673260468505,peter
0.99587295052370883,lucy
0.99592894720695391,lucy
0.99598472351238299,lucy
0.99590068309768032,edmond
0.97623466222146993,edmond
0.98615073869307779,peter
0.99620564200251671,lucy
0.99626032917578622,lucy
0.94686220900959472,susan
0.97650536788109943,edmond
0.96669464020553142,susan
0.99647693323534814,lucy
0.99653055224638065,lucy
0.99658396010673145,lucy
0.96690441448366049,susan
0.99669014565224667,lucy
0.96700806646875803,susan
0.94732367653896232,susan
0.95724242491763134,edmond
0.99690001880797541,lucy
0.9277348531167483,susan
0.98700371931685671,peter
0.98705526335170879,peter
0.97723553825491893,edmond
0.9377998557977254,edmond
0.98720868007950313,peter
0.98725941648507609,peter
0.95769065435405099,susan
0.99736029022891148,lucy
0.99741042911958067,lucy
0.98746037038612822,peter
0.96775991250148408,susan
0.96780846985707225,susan
1.0172372865987391,edmond
0.99765817454506645,lucy
0.98770713916611441,peter
0.97787835162552206,edmond
0.99768253489680947,edmond
1.027366992815075,edmond
0.94838503162426901,susan
0.98794908144532168,peter
0.99799689895715693,lucy
0.99804452788154019,lucy
0.99809196895309349,lucy
0.92885086952943097,susan
0.96842256465301912,susan
1.0277624992494314,edmond
0.99827986930605128,lucy
0.98832638203552869,peter
0.96860525703645994,susan
0.9984188576998565,lucy
0.99846482206260723,lucy
0.92919996875623712,susan
0.92924283495477422,susan
0.92928553199668373,edmond
0.92932806054166739,edmond
0.98869193749671946,peter
0.99873682422034116,lucy
0.99878153378135948,lucy
0.93938476352741151,susan
0.99887042417769389,lucy
0.9889146063874924,peter
0.9989586141836716,lucy
0.93955232583459658,edmond
0.9890461092554268,peter
0.94952601396926728,edmond
0.97924158565950481,edmond
0.92982549705292272,susan
0.9496502747649993,susan
0.98926184202969281,peter
0.99930447880580098,lucy
1.0190273556181455,edmond
0.9993892478762354,lucy
0.98943138148344456,peter
0.99947334867639437,lucy
0.95982969560211739,susan
0.99955678641779611,lucy
0.96980629309400401,susan
0.98963956627221739,peter
0.95009348265330718,susan
0.95013282563710333,susan
0.96996726345736306,susan
0.99970120453835243,edmond
0.96014836110017576,edmond
0.98988400964129675,peter
0.98992418864801235,peter
0.97016492470318638,edmond
0.95040390812221687,susan
1.0000437755061302,lucy
0.9504799902081551,susan
0.94061657873377558,susan
0.98026033058611106,edmond
0.93078896879576767,edmond
1.0002399567038904,lucy
0.99027872890178159,peter
0.97051100087307396,susan
1.0003558140874373,lucy
0.99039412827268158,peter
1.000432290980698,lucy
0.99047030280450132,peter
0.95088783776143826,susan
1.0301677112065684,edmond
1.0103951076440421,edmond
0.99062085303843439,peter
0.99065811925706504,peter
1.0006952381020899,lucy
0.93128827754172805,susan
0.94123058417925776,susan
0.99080571615710444,peter
0.96111698372048071,susan
0.99087864184998142,peter
1.0009148884986274,lucy
0.97113197193288525,susan
0.9909869522207666,edmond
1.0306636812325694,edmond
0.99105844691135059,peter
1.0109158619077305,edmond
1.0010406707928716,edmond
0.95151804647331573,susan
1.0011997469727301,lucy
1.0012347232586831,lucy
0.93179338747700624,edmond
0.96156513334139104,edmond
0.94177188269756318,edmond
0.99137324983077713,peter
0.96166531334314875,edmond
0.99144169352134293,peter
0.99147571234013432,peter
0.9915095965157279,peter
0.98162791311065112,edmond
1.001576963048451,lucy
1.0213587598497438,edmond
0.94206160745538092,susan
0.95200993551822555,edmond
0.98179300246929835,edmond
1.0017430598562118,lucy
0.99177588573462483,peter
0.93230006675268595,susan
1.0018411481179543,lucy
0.93236117050289213,edmond
1.0019058947283599,lucy
0.99193807588326177,peter
0.99197012960848407,peter
0.99200205640449157,peter
0.99203385676981559,peter
0.9722242205770415,susan
1.002097080192921,lucy
1.0021285042381671,lucy
0.94255181363629081,susan
0.942581430477898,susan
0.99222203159348665,peter
0.99225296074208147,peter
0.97243809203194054,susan
0.94269872938792976,susan
0.95265121444317058,susan
0.97252794788969232,edmond
0.99240577841917588,peter
0.99243597968565611,edmond
1.0024660613019587,lucy
1.0321958646880156,edmond
1.0025258674637816,lucy
0.97270448108574004,susan
1.0025852006459817,lucy
0.99261469103098066,peter
0.9926440645609883,peter
0.99267332169557698,peter
1.0027024628925389,lucy
0.93316759929141979,susan
0.9927603992958931,peter
0.99278919540903088,edmond
1.0028178773980463,lucy
0.93327565896921638,susan
0.99287490079794172,edmond
0.99290324310159328,peter
0.99293147306667917,peter
0.99295959113527088,peter
1.0029875977477256,lucy
1.0030154933426929,lucy
0.99304327835712103,edmond
0.96327882462947545,susan
0.93351260728066376,susan
0.99312597426126814,peter
0.9534271884376514,susan
1.0031123654950391,edmond
0.95347938288836798,susan
0.97337001928130562,susan
1.0032616294505523,lucy
0.98335555423898557,edmond
0.9933151414966932,peter
0.99334173848356933,peter
0.99336823000289221,peter
1.0033946164700673,lucy
0.99342089829888669,peter
1.0034470759015346,lucy
1.003473149688594,lucy
1.003499120069052,lucy
0.99352498745030626,peter
0.94387321462626261,susan
0.9935764148368833,peter
0.96379391637963463,susan
0.94394606332214726,susan
1.0036527935169328,lucy
0.97380449034265781,susan
1.0036402411220791,edmond
0.95397913622105834,susan
1.0037532253589421,lucy
1.0037158656577059,edmond
0.98386481718285113,edmond
0.99382750823662958,edmond
1.0038520729890406,lucy
1.003876540282242,lucy
0.99390091050049789,peter
0.94422892482524734,susan
1.0039493612417538,lucy
1.0039734425258247,lucy
0.99399742825710236,peter
1.0139017451886758,edmond
0.94434285883881364,susan
0.99406881589524798,peter
1.004092423169108,lucy
0.97423361802456032,susan
0.94443238918490946,edmond
1.0041626843681994,lucy
0.93453476397354762,susan
0.9942090616597874,peter
0.99423211234900499,peter
0.99425507155085868,peter
0.99427793962634647,peter
0.99430071693505839,peter
1.0043234038351823,lucy
1.0042894606903443,edmond
0.99436850783543873,peter
0.95461528861918421,susan
0.97452498937548027,susan
1.0143242045389931,edmond
0.96462391714259432,edmond
0.99447971049135164,peter
0.99450168685101636,peter
1.0243592832424628,edmond
1.0045453781734266,lucy
0.97467575194726364,susan
0.95480517432601275,susan
0.99461026681143794,peter
0.96479277308351918,susan
0.98470656666839473,edmond
0.93499392246148216,susan
1.0046425449111647,edmond
1.0245582094970727,edmond
0.94500085643496057,edmond
0.95496834763265437,edmond
0.9450405858801133,susan
0.96495633934998615,susan
0.95502821093865753,edmond
0.99484167405768564,peter
1.0048622131599148,lucy
1.004882670691335,lucy
0.99490304697422816,peter
1.0049233423296158,lucy
0.97504468593571902,susan
1.0049636915356897,lucy
0.99498374602216266,edmond
0.9950037208527126,peter
0.96517290785186971,susan
1.0050434328039881,lucy
0.99506317055061178,edmond
0.95527951669739364,edmond
0.94534729058433453,edmond
0.94536581887394733,edmond
1.0051413405888456,lucy
0.95535426182567917,susan
1.0150835605748989,edmond
1.0250551314332377,edmond
1.0052182758545156,lucy
1.0052373190190966,lucy
0.95544603506435255,susan
0.95546417152557783,susan
1.0052939957584037,lucy
1.0152189928415585,edmond
1.0053314059327922,lucy
1.0053499996113939,lucy
1.015275889797284,edmond
1.0053869656181047,lucy
1.0054053385294461,lucy
0.99542363843303006,peter
1.0054418656176243,lucy
0.94568701935232169,edmond
0.96561375988988374,susan
0.99549611372820057,peter
0.95569349078587185,edmond
0.93580000553664311,susan
0.9955497176553838,peter
0.99556744379805084,peter
0.95576169551184065,susan
1.005602685014473,lucy
1.0056202006446149,lucy
1.0056376466584842,lucy
0.99565502333155431,peter
0.93593199108192549,susan
0.9956895697517939,peter
0.9957067400445252,peter
1.0057238420875896,lucy
0.99574087615110018,peter
0.96588510722898724,susan
1.0057747414146183,lucy
0.93604407876059614,susan
0.99580833797486501,peter
0.97590853543225065,susan
1.0058416679548645,lucy
0.93610673961799584,susan
0.99587473346101052,peter
0.99589116769012043,edmond
1.0059075365831931,lucy
0.9959238403989078,edmond
0.9959400793949269,peter
0.96607756621306462,edmond
1.0059320875930104,edmond
0.97606864182576236,susan
0.94620417268497981,susan
0.97609990480664699,susan
0.96615508146578766,susan
0.99605195884779407,edmond
0.93630362713503423,edmond
1.006083355489467,lucy
0.99609896023933775,edmond
0.96623106784974777,susan
0.93636218480103128,susan
0.95629958703662232,susan
0.95631433073138483,edmond
1.0061378187011067,edmond
0.93641981657547624,susan
1.0062064697474782,lucy
0.96633493736724962,susan
1.0061990063696602,edmond
1.0261391842059868,edmond
1.0261545678172481,edmond
0.99628144684098763,peter
0.94648145062965616,edmond
0.99631102186989728,peter
0.94650943516101083,susan
0.99634036210993937,peter
1.0063549447650413,lucy
1.0063694694181873,lucy
0.9963839362992345,peter
1.0063983456371353,lucy
1.0064126976599421,lucy
0.96653418281696557,susan
0.97651240605463985,edmond
1.0163845203469806,edmond
0.9765401463873441,susan
0.95662426172811021,susan
0.99649761883811894,peter
0.96661622868682573,susan
0.99652547757079524,peter
0.97660853739574272,edmond
0.97662205279042424,susan
1.0264638569897466,edmond
0.99658053315297812,peter
0.97666227722021659,susan
1.0165398881593941,edmond
0.97668882749935293,susan
1.0066347178251742,lucy
0.99664812952730808,peter
0.96676164323311042,susan
0.97674129720114766,susan
1.006688045317691,lucy
0.93689917015429669,susan
1.0067143918534094,lucy
1.0166620362822276,edmond
1.0166753397287489,edmond
0.99675351984393112,peter
0.99676645885132253,peter
1.0067793463730172,lucy
1.0366638699177475,edmond
1.0068049677753252,lucy
1.0068177020619344,lucy
0.99683038567484461,peter
0.96693772825060764,edmond
1.0367298257501019,edmond
0.93705604640881146,susan
1.0068806173977021,lucy
1.0068930506413727,lucy
0.99690543440554391,peter
1.0069177688865123,lucy
0.9969300542798003,peter
1.0069422907801595,lucy
1.0368326577248368,edmond
0.93714862080462635,susan
0.94712977341669713,susan
0.99699075172052953,peter
1.007002746650749,lucy
0.96710425302531311,susan
0.93720499787054989,susan
0.99703844575577893,peter
0.95716824082357288,edmond
0.99706200897284303,peter
0.95719077147562615,susan
0.94723111573710184,susan
0.94724215309299098,susan
0.99710857527945118,peter
0.99712010124097894,peter
0.9971315813231818,peter
1.0370287363364832,edmond
0.9572682283941909,susan
0.99716574811122072,peter
1.0270923578846201,edmond
0.97724453389477373,susan
1.0071995084978649,lucy
0.93737803213445758,susan
0.99722179202655392,peter
1.0072328673035564,lucy
1.0072163374751051,edmond
0.94739214147345363,susan
0.93742987953436985,susan
0.99727672925491795,peter
1.0371790892565513,edmond
1.0172443671536433,edmond
1.0073091694664202,lucy
1.0272394937895755,edmond
0.99733058159048193,peter
0.96742098704545432,susan
1.0073518235551515,lucy
1.0073623811495818,lucy
1.0073728967090732,lucy
1.0073572041045509,edmond
0.94752411227074607,susan
0.99740419284381798,peter
0.96749210566838684,susan
0.99742484980161894,edmond
0.99743511663380802,peter
0.95754752888231198,susan
1.0074555278197781,lucy
1.0074656724976347,lucy
0.97752626124478148,susan
0.97753612401191325,edmond
1.0074958648017236,lucy
1.0074809073478803,edmond
1.0274412669545123,edmond
0.99752569786094447,peter
0.94765878496424194,edmond
0.94766811963960962,susan
0.9975551759392135,peter
1.0075649238103557,lucy
0.95767164754807366,edmond
0.99758430325008862,edmond
1.0075939351264935,lucy
1.0076035286447869,lucy
1.0076130839573587,lucy
0.97767014919167727,edmond
1.0076320805718895,lucy
0.99764152217562585,peter
1.0275804539625166,edmond
0.94777727808971435,edmond
0.99766962197087983,peter
1.0375860706224176,edmond
1.007688169141062,lucy
0.95778949186662488,susan
1.0077065688665037,lucy
0.99771571380326163,peter
0.99772482231665538,edmond
1.0077338945514243,lucy
1.0276752185712872,edmond
1.0077519307611844,lucy
1.0077608950228005,lucy
0.96783672887167504,susan
0.96784535507466618,edmond
0.99778757414246111,peter
0.93792861264584149,susan
0.99780518357989734,peter
0.99781393572658117,peter
0.99782265301091155,peter
0.97787470886002315,edmond
0.94794798436890737,susan
0.99784859707267859,peter
0.94796431747337051,edmond
0.96792974968800538,susan
0.95795926303561796,edmond
1.0078827094258485,lucy
0.97793332969877289,susan
0.97794157119806957,susan
1.0079079386390335,lucy
0.9979162814630973,peter
0.93804911558873916,susan
0.9779742101866673,edmond
0.94804405549882509,edmond
0.96801084207312127,edmond
1.0079574996883942,lucy
0.98798598862129927,edmond
1.0179332331653772,edmond
0.99798183861716749,peter
1.0079898870362121,lucy
0.99799790339040195,peter
1.0080058878072269,lucy
0.96807342520126127,edmond
1.0080217613362177,lucy
0.99802965070084682,peter
1.0080178837193712,edmond
0.96810397520005098,susan
0.97809206808557703,susan
0.9581384592790938,susan
0.9681265696738609,edmond
0.94817251460644358,susan
0.99808400310969059,peter
1.0080916444868369,lucy
0.97813727030932374,susan
1.0081068360232905,lucy
0.9482086671030624,susan
1.0081219067407554,lucy
0.99812939709237469,peter
1.0081368575983052,lucy
0.95821851684215664,susan
0.95822562196553063,susan
0.96821428938981147,susan
0.97820307546144492,susan
0.97821024224907394,susan
1.0281264305034428,edmond
0.95826072515737626,susan
1.0081954813465959,lucy
1.0082026785267553,lucy
0.98822774855700479,edmond
0.99821698696224137,peter
0.99822409844527338,peter
0.9483196225100724,susan
0.99823823650779864,peter
0.93835054751356239,edmond
0.99825226211489104,peter
0.948346271375615,susan
1.0282141614442515,edmond
0.93837670612554036,susan
0.99827997952737957,peter
0.96833823478302194,susan
1.0082936730974692,lucy
1.0083004789810657,lucy
0.99830725774162421,peter
0.99831400948705273,peter
0.95838790495183879,susan
1.0083274323620159,lucy
0.98835076266818234,edmond
1.0083407484606948,lucy
1.0083473667341825,lucy
0.97838687945844249,susan
1.008360524256287,lucy
0.97839972244009732,susan
1.0083735771094751,lucy
0.99838006454526207,peter
0.99838652612503964,peter
0.94847331385410683,susan
0.99839937212769347,peter
1.008405756755115,lucy
0.9984121159356204,peter
1.0084184497704709,lucy
1.0084247583605264,lucy
0.99843104180624609,peter
0.95849980819938341,edmond
0.95850579231794431,susan
1.0184187371215376,edmond
0.93854857057257979,edmond
0.95852360194375952,susan
0.99846822002523061,edmond
0.96852010033298275,susan
1.0084804161002714,lucy
0.99848647770240861,peter
0.94856788938598724,edmond
1.0084985285186401,lucy
0.99850451792467532,peter
1.0085104834566501,lucy
0.99851642520958517,peter
0.96856667297978138,susan
1.0085282377565379,lucy
0.94860740330178261,susan
0.99853995631818837,peter
0.93863303375281248,susan
0.99855158164122937,peter
1.0085573595699941,lucy
1.0085631144664386,lucy
0.93865471563690894,susan
0.97860306441815115,susan
0.99858024187683925,peter
1.0085859055571778,lucy
0.94866196932697588,edmond
1.0085971652751056,lucy
1.0086027614920894,lucy
0.93869183527608424,edmond
0.98862774821703625,edmond
1.0086194166440239,lucy
0.99862492415652082,peter
1.0086304097131622,lucy
0.99863587340135551,peter
0.95869566269583506,susan
0.99864673552029493,peter
1.0086521341241264,lucy
0.99865751120568391,peter
1.0086628668506534,lucy
0.94873479108716186,susan
0.99867351417187322,edmond
0.94874486571691008,susan
0.98869723599882986,edmond
0.99868932650195585,peter
1.0086945553078479,lucy
0.9487647751041286,susan
0.95875675244536807,susan
0.99871011697978385,peter
1.0087152628974239,lucy
1.008720388298862,lucy
1.0087254932657894,lucy
0.99873057787957231,peter
1.0286977114878919,edmond
1.018715500098988,edmond
0.95879588199444588,edmond
0.93882567155414987,susan
1.0087556984766024,lucy
0.99876066266220975,peter
1.008753263125814,edmond
1.0087705317345743,lucy
1.0087754367786523,lucy
0.99878032226568714,peter
0.9788094845080888,susan
0.99879003487984253,peter
1.0087948621617988,lucy
0.99879967019638538,peter
0.94886423610724069,edmond
0.99880922882974921,peter
0.99881397958091611,peter
0.99881871138949518,peter
0.99882342433092652,peter
1.0287929620347611,edmond
0.99883279391260915,peter
0.99883745070224672,peter
0.93891156358810091,edmond
1.0088467086503572,lucy
0.99885130995644289,peter
0.93892453934022724,edmond
1.0088604575995097,lucy
0.97888770400070391,susan
0.97889214178743145,edmond
0.9389416001691403,susan
0.99887853504519186,peter
0.9988830094439809,peter
0.93895421804079449,susan
1.0088919047868512,lucy
0.99889632587278299,peter
0.97892271474256032,susan
1.0089051152261546,lucy
1.0088985784700981,edmond
0.9989138346216262,edmond
0.93898307816359206,susan
1.0089224846154161,lucy
0.998926783759291,peter
1.0189096870745162,edmond
0.97895662407014739,edmond
1.0089395786007944,lucy
0.9589860571948714,susan
0.96897958297240794,susan
1.0089522209827178,lucy
0.99895640154440557,peter
1.0089605654346374,lucy
1.0089647127198274,lucy
1.0289379087701094,edmond
0.97899349858463103,susan
0.99897705560533345,peter
0.97900151438664784,susan
0.97900549832869632,susan
1.0089892514111438,lucy
0.99899328429858958,peter
0.99899730110288898,peter
0.93906122377483014,susan
0.99900528671809474,peter
0.95904888543013278,susan
1.0090132087663115,lucy
1.009017146110927,lucy
0.94907001436539373,susan
0.97904447428012564,susan
0.95906770961260079,edmond
0.99903273908879808,peter
0.99903659854406535,peter
0.96906922932895156,susan
0.95908250048585242,susan
0.9990480848019383,peter
1.0090518830555333,lucy
0.99905566616081354,peter
0.99905943417813703,peter
1.0090631871676214,lucy
0.97908558668536305,edmond
0.99907064830235093,peter
0.96910212586964062,edmond
1.0190596110420034,edmond
0.99908172878490298,peter
0.99908539285650655,peter
0.97910726146816562,edmond
1.0390563843056579,edmond
1.0090962976220788,lucy
0.94914490840814769,susan
1.0091034951708531,lucy
0.99910707242937757,peter
0.99911063542017953,peter
1.0091141842001143,lucy
0.94916183288452105,susan
0.99912123935367547,peter
1.0091159932982843,edmond
0.95916310880678157,susan
0.99913171691094571,peter
0.99913518160704173,peter
0.99913863248397672,peter
1.0091420695968218,lucy
0.9991454930004291,peter
0.94919145761196078,susan
1.0391183908541779,edmond
0.99915568150107581,peter
0.9392095075751864,susan
1.0091624062844913,lucy
0.96919077611523197,susan
0.97918569597840166,edmond
0.96919722141113251,susan
1.0391427234868562,edmond
0.99917898494094637,peter
1.0091822611013748,lucy
0.99918552419401363,peter
0.99918877427094455,peter
1.0091920113840422,lucy
0.99919523558497458,peter
0.9991984469252041,peter
1.0291776948196683,edmond
1.0092048312283814,lucy
1.0092080042932337,lucy
1.0092111647011934,lucy
0.94925359687757171,edmond
0.99921744774802068,peter
0.96924395337256486,edmond
1.0092236807700325,lucy
0.9592577075003772,edmond
0.99922986416521198,edmond
0.94927129050743164,edmond
1.0092359983283798,lucy
1.0092390470704828,lucy
1.0092420836512213,lucy
0.99924510811906964,peter
1.0092481205223096,lucy
1.0292286545363021,edmond
1.0092541093271319,lucy
0.95928680239134689,susan
1.0092600504481122,lucy
1.0092630032458378,lucy
0.99926594426463677,peter
0.99926887355146155,peter
0.94930820159542384,susan
1.0092746971160649,lucy
0.97929203965708067,susan
0.96930206008219744,edmond
1.0092833456362702,lucy
0.999286205506839,peter
0.95931749181015336,edmond
0.97930605324660125,susan
0.9693158753438097,susan
1.0092975313580099,lucy
0.96932132459989051,susan
0.93934493913297157,edmond
1.0093059076970141,lucy
1.0093086775628963,lucy
1.0093114363790761,lucy
0.97932790050581098,edmond
0.9593442441968173,susan
0.93936046815087981,susan
1.0392952565061433,edmond
0.99932506625005402,peter
1.0093277596869497,lucy
0.95935722468367912,susan
1.0293131077995956,edmond
1.039309206726686,edmond
0.93937812082720495,susan
1.02932129854693,edmond
0.97935682223325926,susan
0.99934631527181939,peter
0.99934892393853825,peter
1.0393255830861288,edmond
1.0093541100922978,lucy
1.0093566876621558,lucy
0.96937847730046756,susan
0.96938095763382603,susan
1.0093643588370884,lucy
0.99936689551996738,peter
0.93940725675781456,edmond
0.99937193856587925,peter
0.96939321165916514,susan
0.94940809438084117,edmond
1.0093794279379529,lucy
0.95940662832236745,susan
0.99938437118660761,peter
0.99938682802977175,peter
0.95941370406834769,susan
1.0093917123499596,lucy
1.0093941399049893,lucy
0.99939655777505487,peter
1.0093989659987719,lucy
0.93943728273772653,edmond
0.99940375366085588,peter
0.95942988784866023,susan
0.93944399300527648,edmond
0.97942264648769439,susan
1.029395611358271,edmond
0.93945062327790474,susan
0.97942953132132615,susan
0.96943760585583705,susan
0.96943985029088975,susan
0.95944783746437856,edmond
1.0094271261162586,lucy
0.99942941238233896,peter
0.99943168952681949,peter
1.0094339575860722,lucy
1.0094362165963247,lucy
0.99943846659365942,edmond
0.99944070761401604,peter
1.0394206572809179,edmond
1.0194340661241728,edmond
0.99944737717046439,peter
0.96946609516026228,edmond
1.009451779309009,lucy
0.95947580852567338,edmond
0.99945614639009717,peter
1.0094583168713809,lucy
0.99946047869276566,peter
0.97947337925100886,susan
0.99946477649383281,peter
0.99946691254216924,peter
0.93950089766384082,susan
1.0094711591050585,lucy
0.93950487350620149,edmond
0.99947537184880098,peter
1.0094774656226981,lucy
1.039458733084291,edmond
1.0094816281417835,lucy
0.9994836969534685,peter
0.97949604236047783,susan
1.0094878098463709,lucy
0.94951536129362879,susan
0.95951221438475076,edmond
1.0094939178513629,lucy
1.0094959376274324,lucy
1.0094979493445915,lucy
1.0294849516260285,edmond
0.99950194873060605,peter
1.0095039364633558,lucy
0.94953062045173542,susan
1.0095078881671222,lucy
0.94953435959120913,edmond
1.0095118083988142,lucy
0.95953320651936003,edmond
0.99951569740895863,peter
1.009517630283695,lucy
0.95953877322824688,edmond
0.99952147292690274,peter
0.97953291510163254,susan
0.98953003211653723,edmond
1.0095224513814445,edmond
1.009529066645207,lucy
1.0095309461752047,lucy
0.95955150547738743,edmond
0.95955329545568535,susan
0.96955044369056165,susan
1.0195291573897547,edmond
0.99954023192775843,peter
0.98954664623742794,edmond
0.99954389456332116,peter
1.0095457149274458,lucy
0.99954752802795288,peter
0.99954933389381262,peter
0.99955113255387962,peter
0.93957974859468008,edmond
0.9995547083714803,peter
1.0095564855861503,lucy
0.9695715080380225,susan
0.93958641764306527,susan
0.99956177479407216,peter
0.99956352381192259,peter
1.0095652658507173,lucy
0.99956700093829243,peter
1.0095687291023732,lucy
1.0095704503705747,lucy
0.99957216477040134,peter
0.93959943998949369,susan
0.96958830588217015,susan
0.98958149436270915,edmond
1.0095789542322295,lucy
1.0095806346989331,lucy
0.9496031930370038,susan
0.96959645627592306,susan
0.99958563597212735,peter
0.99958728977635358,peter
0.97959715824166971,susan
0.96960286028487785,susan
1.009592211698513,lucy
1.0095938392631194,lucy
0.96960759652311168,edmond
0.9596131919369999,susan
0.939622762107168,susan
1.0096002848338752,lucy
0.939625767372398,susan
0.93962726101679939,susan
0.95962084973710593,edmond
0.94962629672989096,edmond
0.9396317062833015,susan
0.99960976194556961,peter
0.94963075350338944,edmond
0.99961287079366368,peter
0.99961441591959677,peter
0.99961595487974475,peter
0.99961748769870273,edmond
1.0296075848329962,edmond
0.94963950826039112,edmond
0.93964472657974174,susan
0.93964614456804219,susan
1.0096250605296226,lucy
1.0096265570124712,lucy
0.99962804752357115,peter
0.9996295320867441,edmond
1.0096310107257165,lucy
1.0096324834641206,lucy
0.99963395032549407,peter
0.99963541133328093,peter
0.94965502318529005,susan
0.99963831588140373,edmond
0.99963975946816186,peter
1.0396268451859458,edmond
1.0096426293824341,lucy
0.93966541241046841,susan
1.0096454764371261,lucy
0.93966807796212315,edmond
0.99964830081425604,peter
0.96966021341856279,edmond
1.0096511026943933,lucy
0.95966639544395949,susan
1.0196469599018039,edmond
0.94967250053799068,edmond
1.0096566396787954,lucy
1.0096580101424473,lucy
0.95967300013157886,susan
0.99966073468445493,edmond
1.0096620888063588,lucy
0.99966343752441689,peter
0.99966478086018695,edmond
0.99966611883514067,peter
0.99966745147066416,peter
0.99966877878805838,peter
0.94968659576811221,susan
1.009671417553238,lucy
0.98967600175276982,edmond
1.0096707756523882,edmond
0.96968507625241385,edmond
0.99967663219389946,peter
0.96968758518751053,susan
0.99967920840279367,peter
0.9996804888016626,peter
1.0096817640907958,lucy
0.99968303429057837,peter
0.99968429942131409,peter
1.0096855595032259,lucy
0.99968681455645625,peter
0.99968806460106685,peter
0.93970795107761751,susan
1.0296812662366057,edmond
0.95970411348729856,susan
1.0096930150917596,lucy
0.94970952837184242,susan
0.99969546080115024,peter
0.99969667634047965,peter
0.96970695041796728,susan
1.0096960838144171,edmond
0.94971527923344656,susan
1.0097014901811781,lucy
1.0396907889247233,edmond
0.93972163627778227,susan
0.94971979784850125,susan
0.97971210308323597,susan
1.0097074002067739,lucy
0.99970856809804465,edmond
0.99970973132843721,peter
1.0097079988157125,edmond
0.96972068256446864,susan
0.99971319323993002,peter
1.0097143380120246,lucy
1.0097154782154796,lucy
0.95972794931378225,susan
1.00971774498931,lucy
0.95973011673208575,susan
0.97972559383224433,edmond
1.0097211113385958,lucy
1.0097222245104622,lucy
0.95973439991017617,susan
1.0097244375442345,lucy
0.99972553744151937,peter
0.9997266329492055,peter
1.0097277240848066,lucy
0.99972881086576648,peter
0.97973529544327043,edmond
1.0097309714331908,lucy
1.0397213270643644,edmond
0.99973311478964366,peter
0.95974481285436608,edmond
0.96974318384002445,susan
1.0097336608318157,edmond
1.0097373504168046,lucy
1.0097383987795832,lucy
0.99973944295837902,edmond
0.95975086365109064,susan
1.0097415188307315,lucy
0.99974255055747652,edmond
0.94975639925828481,susan
0.93975992557410315,susan
0.99974562109772702,peter
1.0097466364523615,lucy
0.99974764775471447,peter
0.99974865502095445,peter
0.97975466510184206,edmond
1.0097506575094481,lucy
0.93976655359789452,susan
0.95976253828406988,susan
0.93976841348955076,susan
0.95976443016707769,susan
0.99975559421815852,peter
0.97976143837448293,edmond
1.0097575414281359,lucy
0.99975850920845988,peter
0.9797642836637992,edmond
1.0097604331971448,lucy
1.0197566172249932,edmond
1.0097623418589827,lucy
0.99976329048051815,peter
1.0397548047286826,edmond
0.99976517638065787,peter
0.97977079141562717,edmond
0.99976704725729981,peter
1.0097679770992378,lucy
1.0097689032300965,lucy
0.93978363612480287,susan
0.99977074441774838,peter
0.95978079312382092,susan
0.94978394239110997,susan
1.0097734787344124,lucy
0.95978340759139291,edmond
0.99977528347233258,peter
1.0097739422471341,edmond
0.99977707383316627,peter
1.0097779636579947,lucy
0.95978769593416347,susan
1.019775327320966,edmond
1.0297740302371103,edmond
0.99978148758470631,peter
1.0097823597936655,lucy
1.0097832285215136,lucy
0.99978409378214128,peter
1.0097849555893836,lucy
0.93979866511959942,susan
0.99978666889877754,peter
0.93980026920262505,edmond
0.96979471750249913,susan
0.95979764477298968,edmond
0.97979425358600081,edmond
0.97979507484199779,susan
1.0397833964622702,edmond
0.9797967075337356,susan
1.0097933867301869,lucy
0.97979832721873483,edmond
1.0397868341885286,edmond
0.99979585102101176,peter
0.97980073258498968,susan
0.94980760365609529,susan
0.99979828592303366,peter
0.94980913653253851,susan
1.0097998930371532,lucy
0.99980069178666942,peter
0.93981339810731113,susan
0.97980623413978662,susan
0.95981094619983265,susan
1.0098018935821904,edmond
0.9998046379681842,peter
1.0098054177796159,lucy
1.0098061944786367,lucy
0.94981661967378328,edmond
0.98980966120318503,edmond
0.94981808072392626,edmond
1.0398016412141984,edmond
0.98981193140333978,edmond
1.0098107900041922,lucy
0.99981154526133464,peter
1.0098122975040495,lucy
1.039805568614141,edmond
0.99981379299426565,peter
0.96982010017771081,susan
0.96982081827338362,susan
0.98981785378135045,edmond
1.0098167483276448,lucy
0.97982113020743855,susan
1.0098182083598453,lucy
0.93982979796780675,susan
1.0398124430309115,edmond
0.99982037662796341,peter
0.99982109362223159,peter
0.99982180775476226,peter
0.99982251903697517,peter
1.0098232274802448,lucy
0.93983449711014655,edmond
0.93983515774151249,edmond
0.9998253358894601,edmond
0.96983125209710297,susan
0.99982672750738577,peter
0.99982741915333162,peter
0.95983498371714737,edmond
1.0098287941744928,lucy
0.95983629846882923,susan
0.99983015824123667,peter
0.99983083619399682,peter
1.0098315114408194,lucy
0.95983889663280253,susan
0.99983285385980214,edmond
0.99983352105343037,peter
0.94984247630485419,susan
0.959841453563817,edmond
0.94984373136383382,susan
1.0098361633039883,lucy
0.99983681728845797,peter
0.9798407192893871,susan
0.99983811743695072,edmond
0.98984037598554853,edmond
0.9398490427937749,susan
0.99984004826420514,peter
1.009840686742373,lucy
0.98984290944541342,edmond
0.96984669738175022,susan
1.0298378645348907,edmond
1.0198400795779285,edmond
0.99984384110991054,peter
0.9998444644493818,peter
0.99984508530086147,peter
1.0098441607110216,edmond
1.0098463195795229,lucy
1.0098469330264437,lucy
1.0298429703455978,edmond
1.0098481525845195,lucy
1.0198457338894822,edmond
0.98985086880225748,edmond
0.999849963728207,peter
1.009850562629848,lucy
0.96985562436679329,susan
1.0098517532712745,lucy
1.009852345030102,lucy
0.99985293442696999,peter
0.95985938061245246,susan
0.94986140086386994,susan
1.0098546885398914,lucy
0.99985526858280827,peter
0.99985584631052216,peter
0.99985642173227263,peter
0.95986271506297216,susan
1.009857565694658,lucy
0.96986239022598086,edmond
0.99985870054314696,peter
1.0098578572181141,edmond
0.98986122808683574,edmond
1.009860385885978,lucy
0.95986650546072594,susan
0.95986703833544318,edmond
0.969866189594496,susan
0.99986260178387809,peter
0.95986862423182906,susan
1.0098636965099494,lucy
0.94987102856809758,susan
0.98986613468919116,edmond
0.9998653222676277,peter
0.99986585986650955,peter
1.0098663953195783,lucy
0.93987491291727399,susan
0.9998674598224977,peter
0.96987194922269215,susan
1.0098685158444867,lucy
0.9798716598823406,edmond
1.0098695634531047,lucy
0.99987008412336464,edmond
1.0098693087425266,edmond
0.99987111923742333,peter
1.0098716336977778,lucy
1.0098721461046638,lucy
1.0198701095956029,edmond
0.99987316479078092,peter
0.98987493437544138,edmond
0.97987669185372683,susan
1.0098746776227698,lucy
1.0098751778798105,lucy
0.9798781626172669,susan
0.99987617241151272,edmond
1.0098766667020811,lucy
0.93988452947849854,edmond
0.97988009638473739,susan
1.0098781377674295,lucy
0.97988105172897155,edmond
0.99987910871738128,edmond
1.009879591287614,lucy
0.96988366977370311,susan
0.99988055065718484,peter
0.95988578637299271,susan
0.93988861224032716,edmond
1.0098807951531503,edmond
0.99988244652692893,peter
0.93988994082772226,susan
1.0098833831483953,lucy
0.99988384865707225,peter
0.99988431230764907,peter
1.0098847741075414,lucy
1.0398806434267012,edmond
0.98988683526294097,edmond
1.0198838714463647,edmond
0.99988660294755138,peter
0.99988705560422819,peter
0.99988750645409852,peter
0.95989243728419837,susan
0.99988840276223512,peter
0.95989329430544412,edmond
1.0098892919293059,lucy
0.99988973385273705,peter
1.0098901740121993,lucy
0.93989717566984876,edmond
0.95989540710465582,susan
1.0098914839770343,lucy
0.99989191715074299,peter
1.0198901955673123,edmond
0.99989277831791856,peter
0.94989854600890167,susan
0.99989363262397346,edmond
0.99989405722117852,peter
1.0098944801235663,lucy
0.99989490133790093,peter
0.93990160161866476,edmond
0.94990095179286682,susan
0.99989615491982553,peter
0.93990277528210964,susan
0.96990007285393642,edmond
1.0098973935502085,lucy
0.98989882510396532,edmond
0.99989821108552712,peter
0.99989861740735964,peter
0.96990205144409569,susan
0.96990244243611101,susan
0.96990283186743864,edmond
0.93990621294809218,susan
0.93990658732839916,susan
0.99990102150460025,peter
0.99990141660833165,peter
0.97990377393226069,susan
0.97990415804896414,susan
1.0099025924820604,lucy
1.0099020111281969,edmond
0.97990530122403818,susan
0.99990375433098777,peter
0.93990989021472948,susan
0.99990452118806283,peter
1.0099049023223736,lucy
1.0099052819353365,lucy
1.0099047166333539,edmond
0.99990603662148303,peter
0.97990828347260339,susan
1.0099067852947887,lucy
0.94991179952203031,susan
0.96991030216306118,susan
0.99990789713535233,peter
0.93991376890645828,susan
0.97991045836558754,susan
0.94991354592903776,edmond
0.97991117180862009,susan
0.9999097208119383,peter
0.99991008119121538,peter
0.99991044013198371,peter
1.0099107976399846,lucy
1.0099111537209371,lucy
0.99991150838053644,edmond
1.009911861624456,lucy
0.95991572492001231,edmond
0.99991256388783467,peter
0.99991291291852702,peter
1.0099132605560062,lucy
1.009913606805833,lucy
0.9699165331233397,edmond
0.97991600926136846,susan
0.96991719816613431,edmond
0.94991922913710403,susan
0.96991785791026164,susan
1.0099156554727113,lucy
0.959919352476307,susan
0.94992051113352194,edmond
1.0099166615165274,lucy
0.93992197453938364,susan
1.0099173255372105,lucy
0.97991930244973902,susan
0.97991962458200876,edmond
0.95992157919519483,edmond
1.0099186377491118,lucy
0.97992058328422538,susan
0.96992170744356321,susan
0.99991960822239112,edmond
1.0099199291343752,lucy
1.0099202487653778,lucy
1.0099205671205114,lucy
0.9999208842048688,peter
0.93992592802211061,susan
0.99992151458152279,peter
1.0099218278839031,lucy
1.0099213613350313,edmond
1.009922450741829,lucy
1.0199212155134845,edmond
0.95992614589166692,susan
1.0099233757362069,lucy
0.99992368160941192,peter
1.0099232261242774,edmond
0.96992656100689201,susan
0.94992836232662581,edmond
0.94992864829424162,susan
0.99992519275827063,peter
0.9799269815508822,edmond
0.9799272730304931,susan
0.94992978079517376,edmond
1.0099263801059672,lucy
0.99992667398659352,edmond
0.94993061835942461,susan
0.96992944048626439,susan
0.93993189569213142,susan
1.0299256729596891,edmond
1.0099281258867598,lucy
0.93993270803079276,edmond
0.94993226363712779,susan
1.0299268526871184,edmond
1.0099292666812072,lucy
0.95993236707784602,susan
1.0099298302705406,lucy
0.99993011037905943,peter
1.00993038936946,lucy
0.95993344055635732,edmond
0.99993094401374061,peter
1.0099312196764929,lucy
0.99993149423887229,peter
0.99993176770527059,peter
0.99993204008006242,peter
1.009931634481281,edmond
0.94993595249362606,edmond
0.99993285069828353,peter
0.9999331187500472,peter
0.96993538415986225,susan
0.96993564209842731,susan
0.98993457733741586,edmond
0.99993418029978465,peter
0.99993444304411649,peter
1.0099347047396388,lucy
0.94993821712101079,edmond
0.99993522500098309,peter
0.98993612873937653,edmond
0.93993959665008198,susan
0.97993727767842342,susan
0.99993625312103951,peter
0.97993777743935706,susan
0.9599392906037173,susan
1.0099370134881682,lucy
1.0099372649231073,lucy
1.0099375153543781,lucy
1.0099377647859873,lucy
0.99993801322192455,peter
0.95994073023951776,susan
1.0099378921938915,edmond
1.0099387525953687,lucy
1.0099389970882029,lucy
0.93994288616877375,susan
1.0099394831498911,lucy
1.0099397247265207,lucy
0.99993996533883178,peter
1.0099402049906736,lucy
1.0099404436858797,lucy
1.0099406814282685,lucy
0.95994328149277797,edmond
1.0399388002325847,edmond
1.0099413889764888,lucy
1.0099416229454896,lucy
0.99994185598053831,peter
1.0099420880853622,lucy
0.99994231926367516,peter
0.97994369852879115,susan
0.97994392327843372,edmond
0.99994300727645358,peter
1.0099432347855557,lucy
0.99994346138649048,peter
0.95994593959956764,susan
0.99994391187834386,edmond
0.99994413577646879,peter
1.0099443587808399,lucy
1.0099445808950247,lucy
1.0099448021225765,lucy
1.0099450224670341,lucy
1.0099452419319226,lucy
0.96994709670513002,edmond
0.99994567823702141,peter
0.96994751823168512,edmond
0.97994718884447629,susan
0.99994632618521828,peter
1.0099465404459314,lucy
1.0099467538513591,lucy
0.97994802707681727,edmond
0.95994929098560067,susan
0.93995054563180136,edmond
0.95994969502875938,susan
0.99994780816822904,peter
0.97994905618289896,edmond
0.99994822402642325,edmond
0.93995152486865197,edmond
1.0199476093026187,edmond
1.009948841609305,lucy
0.99994904582894262,peter
1.0099487417257085,edmond
1.0099494518258554,lucy
0.9999496536096254,peter
0.94995236185851739,edmond
0.99995005476393328,peter
1.0099502541408885,lucy
0.94995293008587001,susan
0.99995065051034981,peter
1.0099508475091965,lucy
1.0099505541588771,edmond
0.97995221436786295,susan
0.99995143379998297,peter
0.99995162767208168,peter
1.0099518207702785,lucy
0.99995201309766202,edmond
0.9999522046573095,peter
0.96995382358871685,susan
1.0099525854856417,lucy
0.99995277476041888,peter
0.93995578548286607,susan
1.0099531510463349,lucy
0.99995333806349385,peter
0.9499558481174073,edmond
0.9799546356639488,edmond
1.0099538946476396,lucy
1.0099540786964714,lucy
0.9999542620106121,peter
1.0099544445929942,lucy
1.0099546264465384,lucy
1.0099548075741545,lucy
0.96995633833937767,edmond
0.99995516766318027,peter
0.99995534663035068,peter
1.0399537458784387,edmond
0.94995791730310619,susan
1.0399541144270876,edmond
0.93995869206041682,susan
0.95995798157468215,susan
0.97995727741963223,edmond
0.96995788216936518,susan
0.97995761782942981,edmond
0.93995950999480682,edmond
0.96995838455216543,susan
0.9499594053031245,susan
1.0099574393201456,lucy
0.99995760921923194,peter
0.99995777844010802,peter
0.93996047016635209,susan
0.9999581148580472,peter
0.95995995077807272,susan
1.0099584485954916,lucy
0.99995861446570877,edmond
0.99995877967379743,peter
0.93996140756905688,susan
1.0099591081141515,lucy
1.009958864065188,edmond
1.0099594339375715,lucy
1.0399579797094316,edmond
0.97996056202160964,susan
1.0099599178115146,lucy
1.0099596785950127,edmond
0.99996023718345617,peter
0.99996039591390029,peter
0.99996055401071571,peter
0.94996267590261041,susan
1.0099608683135679,lucy
1.0099610245246329,lucy
0.99996118011212576,peter
1.0099613350785357,lucy
0.96996264474355198,susan
0.99996164315801428,peter
1.0099614142387714,edmond
1.0199611877584385,edmond
0.98996247967396134,edmond
0.99996225197239963,peter
0.93996465850048949,susan
0.97996330169134127,edmond
1.0099627022333146,lucy
1.0099628511236309,lucy
0.99996299941959776,peter
0.9899635156523513,edmond
0.96996439541082369,susan
0.99996344076507715,edmond
1.0299624943084935,edmond
0.93996590814287839,susan
0.99996387684625232,edmond
0.93996617978481245,susan
0.94996595643978743,susan
0.93996644926235806,susan
0.99996445020731861,peter
0.94996636251395961,susan
0.97996543879677733,susan
1.0099648742480059,lucy
0.99996501446792918,peter
1.0099651541281127,lucy
0.98996564029848277,edmond
1.0399640490493161,edmond
0.97996625837707219,susan
0.93996776478304067,susan
0.94996755190528093,susan
1.0199653000683599,edmond
0.93996814928745009,susan
0.99996625152520058,peter
0.96996739465979109,edmond
1.0099665204314203,lucy
0.93996865483518732,susan
1.0399654586828455,edmond
1.0099669197787222,lucy
